,federal_district,city,geo_lat,geo_lon
0,Южный,Адыгейск,44.878414,39.190289
1,Южный,Майкоп,44.6098268,40.100660600000005
2,Сибирский,Горно-Алтайск,51.9581028,85.9603235
3,Сибирский,Алейск,52.49225129999999,82.77936059999999
4,Сибирский,Барнаул,53.3479968,83.7798064
5,Сибирский,Белокуриха,51.996152,84.9839604
6,Сибирский,Бийск,52.53938639999999,85.2138453
7,Сибирский,Горняк,50.9979622,81.4643358
8,Сибирский,Заринск,53.7063476,84.93150809999999
9,Сибирский,Змеиногорск,51.1581094,82.1872547
10,Сибирский,Камень-на-Оби,53.791397399999994,81.3545053
11,Сибирский,Новоалтайск,53.411975899999995,83.9311069
12,Сибирский,Рубцовск,51.501206700000004,81.2078695
13,Сибирский,Славгород,52.999463,78.64592320000001
14,Сибирский,Яровое,52.925214600000004,78.57297750000001
15,Дальневосточный,Белогорск,50.9213415,128.4739471
16,Дальневосточный,Благовещенск,50.290659000000005,127.527198
17,Дальневосточный,Завитинск,50.1064111,129.4391813
18,Дальневосточный,Зея,53.7340088,127.26578700000002
19,Дальневосточный,Райчихинск,49.7941615,129.41124920000001
20,Дальневосточный,Свободный,51.361410299999996,128.1219729
21,Дальневосточный,Сковородино,53.987109499999995,123.94372050000001
22,Дальневосточный,Тында,55.1546441,124.74689040000001
23,Дальневосточный,Циолковский,51.762481,128.1219846
24,Дальневосточный,Шимановск,52.0051886,127.70054579999999
25,Северо-Западный,Архангельск,64.5394289,40.516960600000004
26,Северо-Западный,Вельск,61.066,42.1032789
27,Северо-Западный,Каргополь,61.500972399999995,38.9636966
28,Северо-Западный,Коряжма,61.2885948,47.1003015
29,Северо-Западный,Котлас,61.25289720000001,46.633241999999996
30,Северо-Западный,Мезень,65.8398078,44.2532273
31,Северо-Западный,Мирный,62.7645265,40.3360076
32,Северо-Западный,Новодвинск,64.41368510000001,40.820814299999995
33,Северо-Западный,Няндома,61.6654674,40.2062947
34,Северо-Западный,Онега,63.916292799999994,38.0805031
35,Северо-Западный,Северодвинск,64.5625385,39.8180934
36,Северо-Западный,Сольвычегодск,61.33196160000001,46.920441
37,Северо-Западный,Шенкурск,62.1057272,42.8996973
38,Южный,Астрахань,46.3655652,48.0559236
39,Южный,Ахтубинск,48.275203399999995,46.1906462
40,Южный,Знаменск,48.5866291,45.736801899999996
41,Южный,Камызяк,46.110579,48.07333
42,Южный,Нариманов,46.6916565,47.8502476
43,Южный,Харабали,47.408999,47.252534499999996
44,Приволжский,Агидель,55.8999056,53.922014399999995
45,Приволжский,Баймак,52.5912896,58.3110998
46,Приволжский,Белебей,54.103458200000006,54.111312899999994
47,Приволжский,Белорецк,53.9676488,58.410041899999996
48,Приволжский,Бирск,55.4155753,55.5582214
49,Приволжский,Благовещенск,55.049986700000005,55.9553186
50,Приволжский,Давлеканово,54.2226707,55.0312373
51,Приволжский,Дюртюли,55.484831799999995,54.8524765
52,Приволжский,Ишимбай,53.45457639999999,56.04387510000001
53,Приволжский,Кумертау,52.7564939,55.79701970000001
54,Приволжский,Межгорье,54.2397689,57.961454700000004
55,Приволжский,Мелеуз,52.9589532,55.928283799999996
56,Приволжский,Нефтекамск,56.088377,54.2483061
57,Приволжский,Октябрьский,54.4815311,53.465597200000005
58,Приволжский,Салават,53.36169739999999,55.924522399999994
59,Приволжский,Сибай,52.720465100000006,58.66637829999999
60,Приволжский,Стерлитамак,53.630086399999996,55.931708900000004
61,Приволжский,Туймазы,54.59992239999999,53.695062300000004
62,Приволжский,Уфа,54.73494399999999,55.9578468
63,Приволжский,Учалы,54.3067375,59.4125461
64,Приволжский,Янаул,56.26501460000001,54.92990699999999
65,Центральный,Алексеевка,50.6299647,38.6880342
66,Центральный,Белгород,50.597647200000004,36.5856652
67,Центральный,Бирюч,50.648458500000004,38.4005083
68,Центральный,Валуйки,50.2111207,38.09987720000001
69,Центральный,Грайворон,50.4862958,35.6663877
70,Центральный,Губкин,51.2837123,37.5347759
71,Центральный,Короча,50.812904100000004,37.1896436
72,Центральный,Новый Оскол,50.7633747,37.8775484
73,Центральный,Старый Оскол,51.296710100000006,37.8350182
74,Центральный,Строитель,50.784509899999996,36.4887648
75,Центральный,Шебекино,50.4004883,36.8877889
76,Центральный,Брянск,53.2419535,34.3652146
77,Центральный,Дятьково,53.5958178,34.355181200000004
78,Центральный,Жуковка,53.5340397,33.7302579
79,Центральный,Злынка,52.4267015,31.736039899999998
80,Центральный,Карачев,53.1296524,34.9888727
81,Центральный,Клинцы,52.752911899999994,32.233911
82,Центральный,Мглин,53.059977100000005,32.846812899999996
83,Центральный,Новозыбков,52.537172999999996,31.935799100000004
84,Центральный,Почеп,52.915485100000005,33.4744058
85,Центральный,Севск,52.1483358,34.4918415
86,Центральный,Сельцо,53.373988399999995,34.1059172
87,Центральный,Стародуб,52.585225699999995,32.760403000000004
88,Центральный,Сураж,53.01708879999999,32.3938878
89,Центральный,Трубчевск,52.579173399999995,33.766054700000005
90,Центральный,Унеча,52.846119900000005,32.675762899999995
91,Центральный,Фокино,53.4554145,34.415923799999995
92,Дальневосточный,Бабушкин,51.7112755,105.86732190000001
93,Дальневосточный,Гусиноозерск,51.286504799999996,106.5230319
94,Дальневосточный,Закаменск,50.372713,103.286699
95,Дальневосточный,Кяхта,50.346543,106.45335159999998
96,Дальневосточный,Северобайкальск,55.635614000000004,109.33615049999999
97,Дальневосточный,Улан-Удэ,51.833585299999996,107.5842223
98,Центральный,Александров,56.39181899999999,38.711112299999996
99,Центральный,Владимир,56.1280804,40.4084376
100,Центральный,Вязники,56.29773,42.2687398
101,Центральный,Гороховец,56.202103599999994,42.6926111
102,Центральный,Гусь-Хрустальный,55.6198751,40.6579929
103,Центральный,Камешково,56.3490152,40.99551829999999
104,Центральный,Карабаново,56.31318220000001,38.703425700000004
105,Центральный,Киржач,56.1486863,38.8635701
106,Центральный,Ковров,56.35543489999999,41.3170576
107,Центральный,Кольчугино,56.332725399999994,39.391335999999995
108,Центральный,Костерево,55.933722200000005,39.6247398
109,Центральный,Курлово,55.452698,40.61241079999999
110,Центральный,Лакинск,56.018058700000005,39.956551
111,Центральный,Меленки,55.3387515,41.634004600000004
112,Центральный,Муром,55.563031099999996,42.0231362
113,Центральный,Петушки,55.92981339999999,39.4508075
114,Центральный,Покров,55.91663979999999,39.173452600000005
115,Центральный,Радужный,55.9960277,40.3321855
116,Центральный,Собинка,55.9939169,40.0179653
117,Центральный,Струнино,56.374996700000004,38.583966700000005
118,Центральный,Судогда,55.9498056,40.856293900000004
119,Центральный,Суздаль,56.4274441,40.452569200000006
120,Центральный,Юрьев-Польский,56.4937757,39.6680539
121,Южный,Волгоград,48.7070042,44.5170339
122,Южный,Волжский,48.7978209,44.74625379999999
123,Южный,Дубовка,49.055474200000006,44.827008500000005
124,Южный,Жирновск,50.9768814,44.7858202
125,Южный,Калач-на-Дону,48.688902399999996,43.5306303
126,Южный,Камышин,50.0651529,45.38442020000001
127,Южный,Котельниково,47.6310259,43.133087200000006
128,Южный,Котово,50.3205766,44.8030699
129,Южный,Краснослободск,48.706872100000005,44.5630857
130,Южный,Ленинск,48.6936061,45.1992692
131,Южный,Михайловка,50.0708719,43.24015120000001
132,Южный,Николаевск,50.0165306,45.4731658
133,Южный,Новоаннинский,50.5296067,42.666643900000004
134,Южный,Палласовка,50.0500944,46.8804277
135,Южный,Петров Вал,50.1380557,45.209140000000005
136,Южный,Серафимович,49.5663183,42.7360402
137,Южный,Суровикино,48.618916999999996,42.854116299999994
138,Южный,Урюпинск,50.7903789,42.0288513
139,Южный,Фролово,49.7649148,43.6648641
140,Северо-Западный,Бабаево,59.3892583,35.937705799999996
141,Северо-Западный,Белозерск,60.030838100000004,37.789058600000004
142,Северо-Западный,Великий Устюг,60.760391299999995,46.3054414
143,Северо-Западный,Вологда,59.2483905,39.8355662
144,Северо-Западный,Вытегра,61.0063465,36.449513700000004
145,Северо-Западный,Грязовец,58.875755299999994,40.248536200000004
146,Северо-Западный,Кадников,59.5037764,40.3441148
147,Северо-Западный,Кириллов,59.85915229999999,38.3748782
148,Северо-Западный,Красавино,60.9612823,46.4814116
149,Северо-Западный,Никольск,59.535183700000005,45.4576137
150,Северо-Западный,Сокол,59.475860499999996,40.1114187
151,Северо-Западный,Тотьма,59.9734998,42.7589506
152,Северо-Западный,Устюжна,58.838311700000006,36.44254779999999
153,Северо-Западный,Харовск,59.947942299999994,40.200029799999996
154,Северо-Западный,Череповец,59.126921200000005,37.909049700000004
155,Центральный,Бобров,51.0901649,40.0318256
156,Центральный,Богучар,49.9352454,40.5590801
157,Центральный,Борисоглебск,51.3655754,42.1008334
158,Центральный,Бутурлиновка,50.831181799999996,40.5976923
159,Центральный,Воронеж,51.659333200000006,39.1969229
160,Центральный,Калач,50.4242134,41.0162014
161,Центральный,Лиски,50.9945626,39.518490899999996
162,Центральный,Нововоронеж,51.309152399999995,39.2162843
163,Центральный,Новохоперск,51.0952211,41.617340399999996
164,Центральный,Острогожск,50.867790500000005,39.040774600000006
165,Центральный,Павловск,50.453455,40.136874
166,Центральный,Поворино,51.1954419,42.2472726
167,Центральный,Россошь,50.1701949,39.6226965
168,Центральный,Семилуки,51.695164399999996,39.019045399999996
169,Центральный,Эртиль,51.830932000000004,40.8074182
170,Северо-Кавказский,Буйнакск,42.8214424,47.1165263
171,Северо-Кавказский,Дагестанские Огни,42.115229600000006,48.1939354
172,Северо-Кавказский,Дербент,42.058966,48.2907452
173,Северо-Кавказский,Избербаш,42.565096200000006,47.871005100000005
174,Северо-Кавказский,Каспийск,42.891600700000005,47.6367066
175,Северо-Кавказский,Кизилюрт,43.203825,46.8729636
176,Северо-Кавказский,Кизляр,43.848408299999996,46.723369899999994
177,Северо-Кавказский,Махачкала,42.9849159,47.504718100000005
178,Северо-Кавказский,Хасавюрт,43.250466499999995,46.585129200000004
179,Северо-Кавказский,Южно-Сухокумск,44.6602467,45.649952299999995
180,Дальневосточный,Биробиджан,48.7946446,132.92172069999998
181,Дальневосточный,Облучье,49.0189345,131.0540102
182,Дальневосточный,Балей,51.582375899999995,116.63795490000001
183,Дальневосточный,Борзя,50.387605799999996,116.5234779
184,Дальневосточный,Краснокаменск,50.0929703,118.03239359999999
185,Дальневосточный,Могоча,53.73613979999999,119.7660867
186,Дальневосточный,Нерчинск,51.9594977,116.58523829999999
187,Дальневосточный,Петровск-Забайкальский,51.2748592,108.846681
188,Дальневосточный,Сретенск,52.246145399999996,117.7117842
189,Дальневосточный,Хилок,51.363485600000004,110.4590898
190,Дальневосточный,Чита,52.03401420000001,113.4994
191,Дальневосточный,Шилка,51.8497035,116.03344609999999
192,Центральный,Вичуга,57.2044698,41.9132201
193,Центральный,Гаврилов Посад,56.5586946,40.122890600000005
194,Центральный,Заволжск,57.491814100000006,42.1375625
195,Центральный,Иваново,56.9993792,40.972827200000005
196,Центральный,Кинешма,57.4425463,42.168914
197,Центральный,Комсомольск,57.0273052,40.3776851
198,Центральный,Кохма,56.932460600000006,41.0931657
199,Центральный,Наволоки,57.4679066,41.9608002
200,Центральный,Плес,57.46060309999999,41.512267200000004
201,Центральный,Приволжск,57.3805743,41.2808565
202,Центральный,Пучеж,56.98206879999999,43.1683321
203,Центральный,Родники,57.102597499999995,41.7298834
204,Центральный,Тейково,56.85427190000001,40.5353874
205,Центральный,Фурманов,57.253927600000004,41.1054432
206,Центральный,Шуя,56.85602339999999,41.3800939
207,Центральный,Южа,56.5926877,42.0458099
208,Центральный,Юрьевец,57.3177781,43.111040100000004
209,Северо-Кавказский,Карабулак,43.30552479999999,44.9094582
210,Северо-Кавказский,Магас,43.1688611,44.813120700000006
211,Северо-Кавказский,Малгобек,43.5096646,44.5901963
212,Северо-Кавказский,Назрань,43.2257841,44.7645779
213,Северо-Кавказский,Сунжа,43.3204196,45.0476331
214,Сибирский,Алзамай,55.5551233,98.6643699
215,Сибирский,Ангарск,52.544879,103.888543
216,Сибирский,Байкальск,51.5230393,104.1487532
217,Сибирский,Бирюсинск,55.9609167,97.8205348
218,Сибирский,Бодайбо,57.846863600000006,114.1866287
219,Сибирский,Братск,56.1513108,101.6340035
220,Сибирский,Вихоревка,56.1208145,101.1702926
221,Сибирский,Железногорск-Илимский,56.58478879999999,104.114275
222,Сибирский,Зима,53.92069300000001,102.0491772
223,Сибирский,Иркутск,52.2864036,104.28074659999999
224,Сибирский,Киренск,57.775659499999996,108.1109412
225,Сибирский,Нижнеудинск,54.8968931,99.0314056
226,Сибирский,Саянск,54.1107238,102.18015
227,Сибирский,Свирск,53.084266799999995,103.3364093
228,Сибирский,Слюдянка,51.65639829999999,103.7187545
229,Сибирский,Тайшет,55.9405334,98.0030145
230,Сибирский,Тулун,54.557162,100.5780603
231,Сибирский,Усолье-Сибирское,52.756580799999995,103.63881090000001
232,Сибирский,Усть-Илимск,57.9430504,102.74157340000001
233,Сибирский,Усть-Кут,56.792817799999995,105.77573429999998
234,Сибирский,Черемхово,53.136909499999994,103.0901268
235,Сибирский,Шелехов,52.2102538,104.0973294
236,Северо-Кавказский,Баксан,43.6819137,43.5345036
237,Северо-Кавказский,Майский,43.6281516,44.0517314
238,Северо-Кавказский,Нальчик,43.4845464,43.60713
239,Северо-Кавказский,Нарткала,43.5578075,43.857592499999996
240,Северо-Кавказский,Прохладный,43.758960200000004,44.0102409
241,Северо-Кавказский,Терек,43.4839358,44.1402161
242,Северо-Кавказский,Тырныауз,43.3981585,42.92135820000001
243,Северо-Кавказский,Чегем,43.5671525,43.5865792
244,Северо-Западный,Багратионовск,54.386651799999996,20.641809100000003
245,Северо-Западный,Балтийск,54.6513372,19.9140572
246,Северо-Западный,Гвардейск,54.6588378,21.0501388
247,Северо-Западный,Гурьевск,54.770638,20.6039767
248,Северо-Западный,Гусев,54.591545499999995,22.1942445
249,Северо-Западный,Зеленоградск,54.960018500000004,20.4753652
250,Северо-Западный,Калининград,54.7074702,20.5073241
251,Северо-Западный,Краснознаменск,54.94534229999999,22.4928745
252,Северо-Западный,Ладушкин,54.56921559999999,20.1690153
253,Северо-Западный,Мамоново,54.4646036,19.945348199999998
254,Северо-Западный,Неман,55.0316524,22.0324064
255,Северо-Западный,Нестеров,54.6313814,22.5713736
256,Северо-Западный,Озерск,54.40847049999999,22.0134438
257,Северо-Западный,Пионерский,54.9516574,20.2277424
258,Северо-Западный,Полесск,54.8625126,21.0998067
259,Северо-Западный,Правдинск,54.443098600000006,21.008526899999996
260,Северо-Западный,Приморск,54.731143700000004,19.9981926
261,Северо-Западный,Светлогорск,54.9439286,20.151429500000003
262,Северо-Западный,Светлый,54.6772897,20.1357595
263,Северо-Западный,Славск,55.0449714,21.6742367
264,Северо-Западный,Советск,55.0809336,21.888610600000003
265,Северо-Западный,Черняховск,54.624475100000005,21.796906200000002
266,Южный,Городовиковск,46.087508299999996,41.935537
267,Южный,Лагань,45.3930912,47.3432602
268,Южный,Элиста,46.3083344,44.2702088
269,Центральный,Балабаново,55.177371400000006,36.6566951
270,Центральный,Белоусово,55.0956803,36.677628999999996
271,Центральный,Боровск,55.2130096,36.4926251
272,Центральный,Ермолино,55.19717579999999,36.595272200000004
273,Центральный,Жиздра,53.7521926,34.7386592
274,Центральный,Жуков,55.0301833,36.7394903
275,Центральный,Калуга,54.5059848,36.2516245
276,Центральный,Киров,54.0790111,34.3076201
277,Центральный,Козельск,54.0347201,35.780768
278,Центральный,Кондрово,54.7959473,35.9274842
279,Центральный,Кременки,54.886244700000006,37.1168701
280,Центральный,Людиново,53.8700828,34.4385915
281,Центральный,Малоярославец,55.0177123,36.4633603
282,Центральный,Медынь,54.968978500000006,35.8872168
283,Центральный,Мещовск,54.3191471,35.2816918
284,Центральный,Мосальск,54.4824939,34.987223900000004
285,Центральный,Обнинск,55.094314399999995,36.6121639
286,Центральный,Сосенский,54.05660160000001,35.9621646
287,Центральный,Спас-Деменск,54.409921999999995,34.0189631
288,Центральный,Сухиничи,54.09729599999999,35.3443568
289,Центральный,Таруса,54.72364770000001,37.1671
290,Центральный,Юхнов,54.74464449999999,35.2424346
291,Дальневосточный,Вилючинск,52.9302415,158.4057632
292,Дальневосточный,Елизово,53.1830375,158.38835480000003
293,Дальневосточный,Петропавловск-Камчатский,53.036908,158.6559254
294,Северо-Кавказский,Карачаевск,43.773252500000005,41.9143472
295,Северо-Кавказский,Теберда,43.4437731,41.741514200000005
296,Северо-Кавказский,Усть-Джегута,44.0838442,41.971104600000004
297,Северо-Кавказский,Черкесск,44.2269425,42.0466704
298,Северо-Западный,Беломорск,64.5378417,34.779946200000005
299,Северо-Западный,Кемь,64.9543539,34.5949263
300,Северо-Западный,Кондопога,62.2059817,34.2682122
301,Северо-Западный,Костомукша,64.58893979999999,30.6016832
302,Северо-Западный,Лахденпохья,61.51888100000001,30.199611600000004
303,Северо-Западный,Медвежьегорск,62.91276260000001,34.4568489
304,Северо-Западный,Олонец,60.9794025,32.9725519
305,Северо-Западный,Петрозаводск,61.789126399999994,34.3596434
306,Северо-Западный,Питкяранта,61.5757191,31.464055699999996
307,Северо-Западный,Пудож,61.8058821,36.532994099999996
308,Северо-Западный,Сегежа,63.743757200000005,34.3126982
309,Северо-Западный,Сортавала,61.70336700000001,30.691699800000002
310,Северо-Западный,Суоярви,62.07872929999999,32.3499386
311,Сибирский,Анжеро-Судженск,56.078628099999996,86.0201278
312,Сибирский,Белово,54.4220968,86.30373730000001
313,Сибирский,Березовский,55.669351299999995,86.2744459
314,Сибирский,Гурьевск,54.28592629999999,85.9475985
315,Сибирский,Калтан,53.5210919,87.2771636
316,Сибирский,Кемерово,55.391065100000006,86.0467781
317,Сибирский,Киселевск,54.00599989999999,86.6366116
318,Сибирский,Ленинск-Кузнецкий,54.66744920000001,86.1797324
319,Сибирский,Мариинск,56.21273829999999,87.74549240000002
320,Сибирский,Междуреченск,53.6865289,88.07027540000001
321,Сибирский,Мыски,53.712569499999994,87.8055646
322,Сибирский,Новокузнецк,53.794315000000005,87.2142745
323,Сибирский,Осинники,53.598805500000005,87.3371272
324,Сибирский,Полысаево,54.6055,86.2809208
325,Сибирский,Прокопьевск,53.8604265,86.7183577
326,Сибирский,Салаир,54.2351735,85.8030733
327,Сибирский,Тайга,56.06221310000001,85.6207182
328,Сибирский,Таштагол,52.759313,87.8476546
329,Сибирский,Топки,55.276470700000004,85.61526190000001
330,Сибирский,Юрга,55.7202694,84.88863990000002
331,Приволжский,Белая Холуница,58.84152389999999,50.846069899999996
332,Приволжский,Вятские Поляны,56.2284817,51.061485499999996
333,Приволжский,Зуевка,58.4032152,51.133160600000004
334,Приволжский,Киров,58.6035264,49.6679304
335,Приволжский,Кирово-Чепецк,58.5559424,50.0316848
336,Приволжский,Кирс,59.340056000000004,52.241443700000005
337,Приволжский,Котельнич,58.3034832,48.3475597
338,Приволжский,Луза,60.62906089999999,47.261244500000004
339,Приволжский,Малмыж,56.5243844,50.6782739
340,Приволжский,Мураши,59.39553829999999,48.9638417
341,Приволжский,Нолинск,57.5597284,49.93575
342,Приволжский,Омутнинск,58.669891299999996,52.189456400000005
343,Приволжский,Орлов,58.53897760000001,48.8927723
344,Приволжский,Слободской,58.7311574,50.1669249
345,Приволжский,Советск,57.584196,48.95902720000001
346,Приволжский,Сосновка,56.253274100000006,51.28336420000001
347,Приволжский,Уржум,57.10974770000001,50.0058097
348,Приволжский,Яранск,57.3040326,47.8478737
349,Северо-Западный,Воркута,67.49740820000001,64.06103399999999
350,Северо-Западный,Вуктыл,63.8615274,57.3165402
351,Северо-Западный,Емва,62.596513699999996,50.8732125
352,Северо-Западный,Инта,66.0367316,60.1152961
353,Северо-Западный,Микунь,62.357906799999995,50.0719503
354,Северо-Западный,Печора,65.148584,57.2239777
355,Северо-Западный,Сосногорск,63.5989841,53.876293000000004
356,Северо-Западный,Сыктывкар,61.66866170000001,50.8358151
357,Северо-Западный,Усинск,65.994147,57.556942299999996
358,Северо-Западный,Ухта,63.5565514,53.701423899999995
359,Центральный,Буй,58.4733277,41.5306822
360,Центральный,Волгореченск,57.4424559,41.1594201
361,Центральный,Галич,58.3828191,42.365401299999995
362,Центральный,Кологрив,58.826932299999996,44.3184927
363,Центральный,Кострома,57.8029621,40.990826399999996
364,Центральный,Макарьев,57.8807152,43.801419700000004
365,Центральный,Мантурово,58.3265441,44.757494
366,Центральный,Нерехта,57.454336899999994,40.5723598
367,Центральный,Нея,58.294334899999996,43.8780948
368,Центральный,Солигалич,59.078486700000006,42.287842299999994
369,Центральный,Чухлома,58.753420999999996,42.6884958
370,Центральный,Шарья,58.3760542,45.4062414
371,Южный,Абинск,44.867965500000004,38.1618157
372,Южный,Анапа,44.8950433,37.3163282
373,Южный,Апшеронск,44.4584006,39.7299824
374,Южный,Армавир,45.0012149,41.132416799999994
375,Южный,Белореченск,44.7651876,39.8781494
376,Южный,Геленджик,44.5630007,38.0790852
377,Южный,Горячий Ключ,44.6344864,39.13547379999999
378,Южный,Гулькевичи,45.3605121,40.69183889999999
379,Южный,Ейск,46.71157,38.2763895
380,Южный,Кореновск,45.4641703,39.458949
381,Южный,Краснодар,45.0401604,38.975964700000006
382,Южный,Кропоткин,45.433300700000004,40.5727951
383,Южный,Крымск,44.9344404,37.9855795
384,Южный,Курганинск,44.8877025,40.5913245
385,Южный,Лабинск,44.635436299999995,40.7245341
386,Южный,Новокубанск,45.1038699,41.0475175
387,Южный,Новороссийск,44.7235026,37.7686135
388,Южный,Приморско-Ахтарск,46.051543200000005,38.1704875
389,Южный,Славянск-на-Кубани,45.2603626,38.1259774
390,Южный,Сочи,43.585455100000004,39.723154799999996
391,Южный,Темрюк,45.261094899999996,37.4454412
392,Южный,Тимашевск,45.615922999999995,38.9351837
393,Южный,Тихорецк,45.854634499999996,40.126026700000004
394,Южный,Туапсе,44.1105335,39.0824904
395,Южный,Усть-Лабинск,45.222735899999996,39.69295770000001
396,Южный,Хадыженск,44.4122963,39.5320258
397,Сибирский,Артемовск,54.34730749999999,93.4358377
398,Сибирский,Ачинск,56.253907,90.4794397
399,Сибирский,Боготол,56.2098468,89.52993359999999
400,Сибирский,Бородино,55.90541210000001,94.9020967
401,Сибирский,Дивногорск,55.9576784,92.38006870000001
402,Сибирский,Дудинка,69.40313640000001,86.1907218
403,Сибирский,Енисейск,58.4485261,92.1651083
404,Сибирский,Железногорск,56.2529035,93.532273
405,Сибирский,Заозерный,55.9617752,94.70914909999999
406,Сибирский,Зеленогорск,56.1131564,94.5888103
407,Сибирский,Игарка,67.4666901,86.58127940000001
408,Сибирский,Иланский,56.2374037,96.067267
409,Сибирский,Канск,56.2051282,95.70510959999999
410,Сибирский,Кодинск,58.6032644,99.17979620000001
411,Сибирский,Красноярск,56.00938789999999,92.85248059999999
412,Сибирский,Лесосибирск,58.221681000000004,92.50378719999999
413,Сибирский,Минусинск,53.7104586,91.6872907
414,Сибирский,Назарово,56.0113799,90.4168775
415,Сибирский,Норильск,69.3489978,88.20098459999998
416,Сибирский,Сосновоборск,56.1202647,93.3354121
417,Сибирский,Ужур,55.314196900000006,89.8333918
418,Сибирский,Уяр,55.81312629999999,94.3282601
419,Сибирский,Шарыпово,55.538973899999995,89.1801044
420,Южный,Ялта,44.4164605,34.044479700000004
421,Южный,Алушта,44.6764304,34.4100624
422,Южный,Армянск,46.1059307,33.6910012
423,Южный,Бахчисарай,44.7514769,33.875217600000006
424,Южный,Белогорск,45.057202000000004,34.5999029
425,Южный,Джанкой,45.709230600000005,34.3883372
426,Южный,Евпатория,45.190629,33.367634
427,Южный,Керчь,45.3562627,36.4674513
428,Южный,Красноперекопск,45.9537576,33.7921939
429,Южный,Саки,45.1341997,33.6033383
430,Южный,Симферополь,44.9482948,34.100115100000004
431,Южный,Старый Крым,45.029058,35.0901474
432,Южный,Судак,44.8504679,34.976203399999996
433,Южный,Феодосия,45.0318393,35.382425899999994
434,Южный,Щелкино,45.4288991,35.825165000000005
435,Южный,Ялта,44.495361200000005,34.166308
436,Уральский,Далматово,56.262114000000004,62.9387011
437,Уральский,Катайск,56.290808999999996,62.58003589999999
438,Уральский,Курган,55.44438829999999,65.3161963
439,Уральский,Куртамыш,54.936853899999996,64.4203722
440,Уральский,Макушино,55.215394700000004,67.2451705
441,Уральский,Петухово,55.0650077,67.88734079999999
442,Уральский,Шадринск,56.08703440000001,63.629718200000006
443,Уральский,Шумиха,55.228024600000005,63.2901272
444,Уральский,Щучье,55.2087637,62.74785479999999
445,Центральный,Дмитриев,52.1268464,35.0739038
446,Центральный,Железногорск,52.3380202,35.3516867
447,Центральный,Курск,51.730363700000005,36.1925603
448,Центральный,Курчатов,51.6604083,35.6572224
449,Центральный,Льгов,51.659714799999996,35.2612491
450,Центральный,Обоянь,51.211932399999995,36.2755133
451,Центральный,Рыльск,51.5681314,34.6802597
452,Центральный,Суджа,51.191892700000004,35.272091499999995
453,Центральный,Фатеж,52.091772799999994,35.8538706
454,Центральный,Щигры,51.878601399999994,36.8910945
455,Северо-Западный,Бокситогорск,59.4734797,33.845688
456,Северо-Западный,Волосово,59.44454079999999,29.4923355
457,Северо-Западный,Волхов,59.9005958,32.3520756
458,Северо-Западный,Всеволожск,60.01912779999999,30.6456718
459,Северо-Западный,Выборг,60.7130801,28.7328336
460,Северо-Западный,Высоцк,60.6296236,28.570931400000003
461,Северо-Западный,Гатчина,59.565236999999996,30.128247299999998
462,Северо-Западный,Ивангород,59.37661189999999,28.223165899999998
463,Северо-Западный,Каменногорск,60.950855000000004,29.1308372
464,Северо-Западный,Кингисепп,59.374043500000006,28.611244399999997
465,Северо-Западный,Кириши,59.47428620000001,32.0624947
466,Северо-Западный,Кировск,59.8754216,30.981364000000003
467,Северо-Западный,Коммунар,59.62151329999999,30.3934125
468,Северо-Западный,Кудрово,59.9075226,30.512100800000002
469,Северо-Западный,Лодейное Поле,60.7320936,33.5521022
470,Северо-Западный,Луга,58.737403099999995,29.8465776
471,Северо-Западный,Любань,59.34938470000001,31.248480100000002
472,Северо-Западный,Мурино,60.044862,30.4571456
473,Северо-Западный,Никольское,59.7043309,30.7874571
474,Северо-Западный,Новая Ладога,60.1100135,32.3141203
475,Северо-Западный,Отрадное,59.7726848,30.798855699999997
476,Северо-Западный,Пикалево,59.5132022,34.177277600000004
477,Северо-Западный,Подпорожье,60.9127549,34.1567664
478,Северо-Западный,Приморск,60.3660209,28.613577199999998
479,Северо-Западный,Приозерск,61.033089600000004,30.158785100000003
480,Северо-Западный,Светогорск,61.1111282,28.8725865
481,Северо-Западный,Сертолово,60.144693200000006,30.209591800000002
482,Северо-Западный,Сланцы,59.117818500000006,28.088147499999998
483,Северо-Западный,Сосновый Бор,59.8772884,29.1291619
484,Северо-Западный,Сясьстрой,60.14017389999999,32.5601559
485,Северо-Западный,Тихвин,59.6272904,33.507273100000006
486,Северо-Западный,Тосно,59.5407098,30.877812
487,Северо-Западный,Шлиссельбург,59.9443714,31.0333365
488,Центральный,Грязи,52.48740970000001,39.933114200000006
489,Центральный,Данков,53.2577411,39.145618400000004
490,Центральный,Елец,52.6152411,38.5289342
491,Центральный,Задонск,52.4004179,38.9205032
492,Центральный,Лебедянь,53.01561170000001,39.143536
493,Центральный,Липецк,52.610248999999996,39.5947883
494,Центральный,Усмань,52.0442648,39.726401
495,Центральный,Чаплыгин,53.240480000000005,39.9670973
496,Дальневосточный,Магадан,59.568133200000005,150.80849560000001
497,Дальневосточный,Сусуман,62.7805882,148.1540281
498,Приволжский,Волжск,55.862315599999995,48.371508299999995
499,Приволжский,Звенигово,55.9738571,48.0170245
500,Приволжский,Йошкар-Ола,56.6343662,47.8999706
501,Приволжский,Козьмодемьянск,56.3334036,46.546675
502,Приволжский,Ардатов,54.8465544,46.241123200000004
503,Приволжский,Инсар,53.8770022,44.3696566
504,Приволжский,Ковылкино,54.039107200000004,43.9191539
505,Приволжский,Краснослободск,54.424820700000005,43.7845011
506,Приволжский,Рузаевка,54.0581967,44.9490466
507,Приволжский,Саранск,54.180933200000005,45.186263200000006
508,Приволжский,Темников,54.6310583,43.2161099
509,Центральный,,55.7540471,37.620405
510,Центральный,Апрелевка,55.52769179999999,37.065143
511,Центральный,Балашиха,55.796389000000005,37.938283
512,Центральный,Белоозерский,55.459576600000005,38.438974200000004
513,Центральный,Бронницы,55.425537899999995,38.264145
514,Центральный,Верея,55.3673997,36.1563454
515,Центральный,Видное,55.551725,37.7061984
516,Центральный,Волоколамск,56.035649899999996,35.958511200000004
517,Центральный,Воскресенск,55.307151899999994,38.7027953
518,Центральный,Высоковск,56.33595129999999,36.52518370000001
519,Центральный,Голицыно,55.619058200000005,36.985679299999994
520,Центральный,Дедовск,55.87032760000001,37.1245043
521,Центральный,Дзержинский,55.624086899999995,37.844027600000004
522,Центральный,Дмитров,56.347745700000004,37.526672
523,Центральный,Долгопрудный,55.93859989999999,37.5101021
524,Центральный,Домодедово,55.43632829999999,37.766498399999996
525,Центральный,Дрезна,55.74431429999999,38.8498479
526,Центральный,Дубна,56.741786,37.1757223
527,Центральный,Егорьевск,55.3830113,39.0358317
528,Центральный,Жуковский,55.599803,38.12242979999999
529,Центральный,Зарайск,54.76245600000001,38.8850978
530,Центральный,Звенигород,55.729708900000006,36.8554029
531,Центральный,Ивантеевка,55.9741665,37.9207539
532,Центральный,Истра,55.9062267,36.8601454
533,Центральный,Кашира,54.853336999999996,38.19043920000001
534,Центральный,Клин,56.3425605,36.7240032
535,Центральный,Коломна,55.102814,38.753100200000006
536,Центральный,Королев,55.916177299999994,37.854541499999996
537,Центральный,Котельники,55.6597925,37.8631156
538,Центральный,Красноармейск,56.105426,38.140838
539,Центральный,Красногорск,55.8317203,37.3295266
540,Центральный,Краснозаводск,56.44099789999999,38.2320307
541,Центральный,Краснознаменск,55.597895900000005,37.039370899999994
542,Центральный,Кубинка,55.575495499999995,36.6951995
543,Центральный,Куровское,55.5792277,38.9207723
544,Центральный,Ликино-Дулёво,55.7078257,38.9578093
545,Центральный,Лобня,56.03288810000001,37.461403499999996
546,Центральный,Лосино-Петровский,55.87132140000001,38.200599
547,Центральный,Луховицы,54.96520770000001,39.0260266
548,Центральный,Лыткарино,55.577816299999995,37.903350700000004
549,Центральный,Люберцы,55.700398899999996,37.96062379999999
550,Центральный,Можайск,55.5069259,36.024043
551,Центральный,Мытищи,55.9105782,37.736357899999994
552,Центральный,Наро-Фоминск,55.386185,36.734484
553,Центральный,Ногинск,55.86861329999999,38.4622104
554,Центральный,Одинцово,55.6789455,37.263686
555,Центральный,Озеры,54.8541006,38.5599196
556,Центральный,Орехово-Зуево,55.815142099999996,38.98698220000001
557,Центральный,Павловский Посад,55.7807244,38.659698299999995
558,Центральный,Пересвет,56.4158326,38.173353399999996
559,Центральный,Подольск,55.4389322,37.570348200000005
560,Центральный,Протвино,54.87059839999999,37.218274900000004
561,Центральный,Пушкино,56.01036379999999,37.8471403
562,Центральный,Пущино,54.8324412,37.6210346
563,Центральный,Раменское,55.5495132,38.2728914
564,Центральный,Реутов,55.7582621,37.861855299999995
565,Центральный,Рошаль,55.66327760000001,39.86561470000001
566,Центральный,Руза,55.701474399999995,36.1959206
567,Центральный,Сергиев Посад,56.3062548,38.1502661
568,Центральный,Серпухов,54.9226466,37.403385899999996
569,Центральный,Солнечногорск,56.185102,36.977631
570,Центральный,Старая Купавна,55.8038532,38.1426842
571,Центральный,Ступино,54.9238928,38.1186623
572,Центральный,Талдом,56.7308564,37.527600299999996
573,Центральный,Фрязино,55.9590588,38.0410235
574,Центральный,Химки,55.888656999999995,37.430370200000006
575,Центральный,Хотьково,56.25169820000001,37.939601700000004
576,Центральный,Черноголовка,56.01007070000001,38.3792047
577,Центральный,Чехов,55.1508011,37.4533252
578,Центральный,Шатура,55.5777427,39.54457120000001
579,Центральный,Щелково,55.923380099999996,37.978370700000006
580,Центральный,Электрогорск,55.878024100000005,38.780675200000005
581,Центральный,Электросталь,55.7847291,38.4447045
582,Центральный,Электроугли,55.7170877,38.2192563
583,Центральный,Яхрома,56.28905160000001,37.4831799
584,Северо-Западный,Апатиты,67.56777609999999,33.4067929
585,Северо-Западный,Гаджиево,69.2491311,33.315341
586,Северо-Западный,Заозерск,69.4003584,32.4501496
587,Северо-Западный,Заполярный,69.4132852,30.798431199999996
588,Северо-Западный,Кандалакша,67.1567974,32.414321799999996
589,Северо-Западный,Кировск,67.61504240000001,33.663734999999996
590,Северо-Западный,Ковдор,67.5661417,30.4741941
591,Северо-Западный,Кола,68.8786028,33.0262299
592,Северо-Западный,Мончегорск,67.9386153,32.9359719
593,Северо-Западный,Мурманск,69.00772099999999,33.0685865
594,Северо-Западный,Оленегорск,68.1422058,33.2669407
595,Северо-Западный,Островной,68.0510344,39.5077846
596,Северо-Западный,Полярные Зори,67.37308399999999,32.4975636
597,Северо-Западный,Полярный,69.1989583,33.4508591
598,Северо-Западный,Североморск,69.0766801,33.417775899999995
599,Северо-Западный,Снежногорск,69.19214090000001,33.2383502
600,Северо-Западный,Нарьян-Мар,67.6379672,53.006956499999994
601,Приволжский,Арзамас,55.3945814,43.8408141
602,Приволжский,Балахна,56.495036,43.5758423
603,Приволжский,Богородск,56.1020828,43.513544200000005
604,Приволжский,Бор,56.3565458,44.0646481
605,Приволжский,Ветлуга,57.8559204,45.7761957
606,Приволжский,Володарск,56.216975100000006,43.1596417
607,Приволжский,Ворсма,55.989943000000004,43.2718859
608,Приволжский,Выкса,55.320772700000006,42.167883399999994
609,Приволжский,Горбатов,56.130776899999994,43.0626185
610,Приволжский,Городец,56.6449218,43.4723104
611,Приволжский,Дзержинск,56.2376047,43.4599416
612,Приволжский,Заволжье,56.6404286,43.3872492
613,Приволжский,Княгинино,55.820591500000006,45.032337
614,Приволжский,Кстово,56.143208400000006,44.1664198
615,Приволжский,Кулебаки,55.4296181,42.51255379999999
616,Приволжский,Лукоянов,55.032622499999995,44.4933807
617,Приволжский,Лысково,56.026235899999996,45.035771000000004
618,Приволжский,Навашино,55.543811,42.188708899999995
619,Приволжский,Нижний Новгород,56.3240627,44.00539129999999
620,Приволжский,Павлово,55.9797564,43.0995042
621,Приволжский,Первомайск,54.8675792,43.801399200000006
622,Приволжский,Перевоз,55.5967718,44.5448369
623,Приволжский,Саров,54.922826799999996,43.3448089
624,Приволжский,Семенов,56.7889794,44.4902885
625,Приволжский,Сергач,55.520151500000004,45.481323100000004
626,Приволжский,Урень,57.461257200000006,45.78332929999999
627,Приволжский,Чкаловск,56.7651262,43.242077
628,Приволжский,Шахунья,57.676429299999995,46.6129009
629,Северо-Западный,Боровичи,58.3840197,33.9175929
630,Северо-Западный,Валдай,57.98237660000001,33.2369436
631,Северо-Западный,Великий Новгород,58.521384600000005,31.275539399999996
632,Северо-Западный,Малая Вишера,58.84583789999999,32.2247401
633,Северо-Западный,Окуловка,58.391029599999996,33.2901557
634,Северо-Западный,Пестово,58.597372299999996,35.8143898
635,Северо-Западный,Сольцы,58.120128099999995,30.309351
636,Северо-Западный,Старая Русса,57.990737,31.3554897
637,Северо-Западный,Холм,57.14510799999999,31.1787499
638,Северо-Западный,Чудово,59.1248394,31.686624100000003
639,Сибирский,Барабинск,55.351459999999996,78.3464506
640,Сибирский,Бердск,54.75821559999999,83.1070605
641,Сибирский,Болотное,55.6692421,84.39068890000001
642,Сибирский,Искитим,54.6267603,83.2951244
643,Сибирский,Карасук,53.7343189,78.04229670000001
644,Сибирский,Каргат,55.194566599999995,80.2829495
645,Сибирский,Куйбышев,55.4685094,78.32420479999999
646,Сибирский,Купино,54.366055,77.2973368
647,Сибирский,Новосибирск,55.02819100000001,82.9211489
648,Сибирский,Обь,54.9945576,82.6937181
649,Сибирский,Татарск,55.2146167,75.97399140000002
650,Сибирский,Тогучин,55.2251631,84.4104118
651,Сибирский,Черепаново,54.2206476,83.37245209999999
652,Сибирский,Чулым,55.090686700000006,80.95925079999999
653,Сибирский,Исилькуль,54.9096002,71.28162840000002
654,Сибирский,Калачинск,55.059815500000006,74.5653644
655,Сибирский,Называевск,55.5689323,71.3503426
656,Сибирский,Омск,54.9848566,73.3674517
657,Сибирский,Тара,56.916051100000004,74.3649194
658,Сибирский,Тюкалинск,55.8703415,72.19547469999999
659,Приволжский,Абдулино,53.6778906,53.6472483
660,Приволжский,Бугуруслан,53.6523728,52.4326853
661,Приволжский,Бузулук,52.7881277,52.2624877
662,Приволжский,Гай,51.4649189,58.4436875
663,Приволжский,Кувандык,51.478385700000004,57.36126360000001
664,Приволжский,Медногорск,51.403761700000004,57.583163
665,Приволжский,Новотроицк,51.196420200000006,58.301819200000004
666,Приволжский,Оренбург,51.7875092,55.1018828
667,Приволжский,Орск,51.2294282,58.4752777
668,Приволжский,Соль-Илецк,51.1633736,54.989672600000006
669,Приволжский,Сорочинск,52.426685,53.1542745
670,Приволжский,Ясный,51.036838,59.874343999999994
671,Центральный,Болхов,53.44384960000001,36.0076833
672,Центральный,Дмитровск,52.5054851,35.1415009
673,Центральный,Ливны,52.428455799999995,37.6039506
674,Центральный,Малоархангельск,52.4002192,36.5038579
675,Центральный,Мценск,53.2788438,36.5749105
676,Центральный,Новосиль,52.974540000000005,37.0437146
677,Центральный,Орёл,52.967129799999995,36.0696427
678,Приволжский,Белинский,52.964099600000004,43.41832120000001
679,Приволжский,Городище,53.272691599999995,45.702614200000006
680,Приволжский,Заречный,53.1960836,45.1689907
681,Приволжский,Каменка,53.1855463,44.0469717
682,Приволжский,Кузнецк,53.11308879999999,46.605092
683,Приволжский,Нижний Ломов,53.5300905,43.6730217
684,Приволжский,Никольск,53.71374960000001,46.0799857
685,Приволжский,Пенза,53.175331400000005,45.0348625
686,Приволжский,Сердобск,52.469759499999995,44.212241399999996
687,Приволжский,Спасск,53.92719739999999,43.1859073
688,Приволжский,Сурск,53.07613570000001,45.6910796
689,Приволжский,Александровск,59.1613221,57.5763459
690,Приволжский,Березники,59.4079923,56.8039427
691,Приволжский,Верещагино,58.0797571,54.6581309
692,Приволжский,Горнозаводск,58.3742532,58.3231716
693,Приволжский,Гремячинск,58.56260820000001,57.852057200000004
694,Приволжский,Губаха,58.837172100000004,57.554533
695,Приволжский,Добрянка,58.469685,56.413073700000005
696,Приволжский,Кизел,59.05127829999999,57.64710279999999
697,Приволжский,Красновишерск,60.3901321,57.0535682
698,Приволжский,Краснокамск,58.08220649999999,55.7479936
699,Приволжский,Кудымкар,59.01679250000001,54.65725079999999
700,Приволжский,Кунгур,57.4283296,56.943865599999995
701,Приволжский,Лысьва,58.0995875,57.808682499999996
702,Приволжский,Нытва,57.9336725,55.335608400000005
703,Приволжский,Оса,57.2889515,55.468866799999994
704,Приволжский,Оханск,57.7180034,55.3872469
705,Приволжский,Очер,57.885268599999996,54.716109100000004
706,Приволжский,Пермь,58.0102583,56.2342034
707,Приволжский,Соликамск,59.648299800000004,56.771009
708,Приволжский,Усолье,59.427757299999996,56.6837872
709,Приволжский,Чайковский,56.778150100000005,54.1477965
710,Приволжский,Чердынь,60.401193299999996,56.4799933
711,Приволжский,Чермоз,58.7842834,56.15071379999999
712,Приволжский,Чернушка,56.51607679999999,56.0763049
713,Приволжский,Чусовой,58.2974596,57.8193615
714,Дальневосточный,Арсеньев,44.1622031,133.2696209
715,Дальневосточный,Артем,43.3501675,132.1596175
716,Дальневосточный,Большой Камень,43.1111742,132.34800819999998
717,Дальневосточный,Владивосток,43.116490399999996,131.8823937
718,Дальневосточный,Дальнегорск,44.55394570000001,135.5662716
719,Дальневосточный,Дальнереченск,45.930848299999994,133.7316907
720,Дальневосточный,Лесозаводск,45.4780092,133.4186199
721,Дальневосточный,Находка,42.8239372,132.8927361
722,Дальневосточный,Партизанск,43.1280578,133.1264567
723,Дальневосточный,Спасск-Дальний,44.5901175,132.8157288
724,Дальневосточный,Уссурийск,43.7971818,131.9518229
725,Дальневосточный,Фокино,42.970631700000006,132.4110196
726,Северо-Западный,Великие Луки,56.332207999999994,30.550864100000002
727,Северо-Западный,Гдов,58.7432429,27.8264809
728,Северо-Западный,Дно,57.826974,29.962938899999997
729,Северо-Западный,Невель,56.0201973,29.9239983
730,Северо-Западный,Новоржев,57.029807,29.343308299999997
731,Северо-Западный,Новосокольники,56.3408431,30.152757300000005
732,Северо-Западный,Опочка,56.710725,28.671751899999997
733,Северо-Западный,Остров,57.345152799999994,28.3437593
734,Северо-Западный,Печоры,57.814581700000005,27.622259000000003
735,Северо-Западный,Порхов,57.776521900000006,29.543662599999998
736,Северо-Западный,Псков,57.8194415,28.331719800000002
737,Северо-Западный,Пустошка,56.33748129999999,29.366805499999998
738,Северо-Западный,Пыталово,57.06379520000001,27.9236214
739,Северо-Западный,Себеж,56.2908554,28.4724326
740,Южный,Азов,47.1121589,39.423255499999996
741,Южный,Аксай,47.2676314,39.8756872
742,Южный,Батайск,47.1383299,39.7507179
743,Южный,Белая Калитва,48.176973700000005,40.8033529
744,Южный,Волгодонск,47.5165338,42.1984951
745,Южный,Гуково,48.0448904,39.9484672
746,Южный,Донецк,48.3350706,39.945890999999996
747,Южный,Зверево,48.0435487,40.1265822
748,Южный,Зерноград,46.849595799999996,40.312837
749,Южный,Каменск-Шахтинский,48.3205326,40.2689583
750,Южный,Константиновск,47.5773717,41.0967445
751,Южный,Красный Сулин,47.8831311,40.07812979999999
752,Южный,Миллерово,48.92600770000001,40.398408700000005
753,Южный,Морозовск,48.3511807,41.8309225
754,Южный,Новочеркасск,47.411919,40.1042098
755,Южный,Новошахтинск,47.757773,39.93636970000001
756,Южный,Пролетарск,46.7038963,41.727594
757,Южный,Ростов-на-Дону,47.2224566,39.718803
758,Южный,Сальск,46.4752095,41.5410415
759,Южный,Семикаракорск,47.51773370000001,40.8114167
760,Южный,Таганрог,47.2094917,38.9350989
761,Южный,Цимлянск,47.6477448,42.0931505
762,Южный,Шахты,47.7085287,40.2159846
763,Центральный,Касимов,54.937347499999994,41.3913211
764,Центральный,Кораблино,53.9246659,40.0227745
765,Центральный,Михайлов,54.2297402,39.009148100000004
766,Центральный,Новомичуринск,54.037657200000005,39.74654
767,Центральный,Рыбное,54.7256164,39.5134398
768,Центральный,Ряжск,53.706758400000005,40.0522274
769,Центральный,Рязань,54.62544449999999,39.7358609
770,Центральный,Сасово,54.3508885,41.9117422
771,Центральный,Скопин,53.82354300000001,39.5492421
772,Центральный,Спас-Клепики,55.129172100000005,40.1745338
773,Центральный,Спасск-Рязанский,54.407071900000005,40.3763426
774,Центральный,Шацк,54.0287312,41.71818029999999
775,Приволжский,Жигулевск,53.4011981,49.4945176
776,Приволжский,Кинель,53.2210298,50.6343776
777,Приволжский,Нефтегорск,52.7972914,51.1637392
778,Приволжский,Новокуйбышевск,53.099456499999995,49.9477382
779,Приволжский,Октябрьск,53.1640488,48.670761999999996
780,Приволжский,Отрадный,53.3800848,51.3438605
781,Приволжский,Похвистнево,53.6498299,52.123515600000005
782,Приволжский,Самара,53.195030599999996,50.1069518
783,Приволжский,Сызрань,53.1558674,48.4744629
784,Приволжский,Тольятти,53.5205348,49.3894028
785,Приволжский,Чапаевск,52.928961,49.867326899999995
786,Северо-Западный,,59.9391313,30.315900399999997
787,Приволжский,Аркадак,51.938831,43.4999221
788,Приволжский,Аткарск,51.873606200000005,45.0003247
789,Приволжский,Балаково,52.022423100000005,47.782776500000004
790,Приволжский,Балашов,51.538869700000006,43.183975700000005
791,Приволжский,Вольск,52.0459865,47.387359499999995
792,Приволжский,Ершов,51.3508505,48.276222600000004
793,Приволжский,Калининск,51.4993591,44.4710435
794,Приволжский,Красноармейск,51.023540999999994,45.695044
795,Приволжский,Красный Кут,50.9598317,46.9712016
796,Приволжский,Маркс,51.71333370000001,46.7400339
797,Приволжский,Новоузенск,50.455199,48.1413153
798,Приволжский,Петровск,52.3094237,45.3851877
799,Приволжский,Пугачев,52.015992100000005,48.7972223
800,Приволжский,Ртищево,52.2616271,43.7842248
801,Приволжский,Саратов,51.5303047,45.9529348
802,Приволжский,Хвалынск,52.4951572,48.1045771
803,Приволжский,Шиханы,52.1147391,47.2023118
804,Приволжский,Энгельс,51.485400299999995,46.126721999999994
805,Дальневосточный,Александровск-Сахалинский,50.8974378,142.15785590000002
806,Дальневосточный,Анива,46.713152,142.5265804
807,Дальневосточный,Долинск,47.3255783,142.7945071
808,Дальневосточный,Корсаков,46.6324545,142.799445
809,Дальневосточный,Курильск,45.227095399999996,147.8796323
810,Дальневосточный,Макаров,48.623633399999996,142.78032050000002
811,Дальневосточный,Невельск,46.6526899,141.86307250000002
812,Дальневосточный,Оха,53.5867839,142.94124109999998
813,Дальневосточный,Поронайск,49.238865999999994,143.1008333
814,Дальневосточный,Северо-Курильск,50.67305770000001,156.1282211
815,Дальневосточный,Томари,47.76201079999999,142.06158369999997
816,Дальневосточный,Углегорск,49.0815774,142.0692639
817,Дальневосточный,Холмск,47.040842299999994,142.041688
818,Дальневосточный,Южно-Сахалинск,46.9591631,142.737976
819,Уральский,Алапаевск,57.8475571,61.6693817
820,Уральский,Арамиль,56.69463199999999,60.8343125
821,Уральский,Артемовский,57.3384177,61.8947443
822,Уральский,Асбест,57.0052277,61.4581156
823,Уральский,Березовский,56.9095924,60.8180907
824,Уральский,Богданович,56.7764795,62.0463679
825,Уральский,Верхний Тагил,57.37637579999999,59.95176529999999
826,Уральский,Верхняя Пышма,56.975890299999996,60.56503829999999
827,Уральский,Верхняя Салда,58.046580299999995,60.5560164
828,Уральский,Верхняя Тура,58.364368500000005,59.8265235
829,Уральский,Верхотурье,58.862207299999994,60.810394499999994
830,Уральский,Волчанск,59.93517070000001,60.0798618
831,Уральский,Дегтярск,56.7048206,60.079138
832,Уральский,Екатеринбург,56.8385216,60.605491099999995
833,Уральский,Заречный,56.810293099999996,61.3380029
834,Уральский,Ивдель,60.694449600000006,60.424506900000004
835,Уральский,Ирбит,57.68383620000001,63.057675
836,Уральский,Каменск-Уральский,56.414962,61.9188674
837,Уральский,Камышлов,56.846503399999996,62.71197660000001
838,Уральский,Карпинск,59.7665925,60.0011703
839,Уральский,Качканар,58.7051762,59.4839155
840,Уральский,Кировград,57.4299433,60.0624051
841,Уральский,Краснотурьинск,59.7636635,60.1934525
842,Уральский,Красноуральск,58.348651000000004,60.040876399999995
843,Уральский,Красноуфимск,56.612387,57.7636637
844,Уральский,Кушва,58.28260129999999,59.764576600000005
845,Уральский,Лесной,58.634851600000005,59.7981565
846,Уральский,Михайловск,56.4370039,59.1137316
847,Уральский,Невьянск,57.49131,60.2183429
848,Уральский,Нижние Серги,56.6544959,59.2953035
849,Уральский,Нижний Тагил,57.910126,59.9812853
850,Уральский,Нижняя Салда,58.0748272,60.70254179999999
851,Уральский,Нижняя Тура,58.630926699999996,59.8520344
852,Уральский,Новая Ляля,59.05389770000001,60.5944825
853,Уральский,Новоуральск,57.2472567,60.0956714
854,Уральский,Первоуральск,56.908008499999994,59.942926
855,Уральский,Полевской,56.49569520000001,60.23652979999999
856,Уральский,Ревда,56.798631900000004,59.9071591
857,Уральский,Реж,57.37174770000001,61.38338420000001
858,Уральский,Североуральск,60.153310899999994,59.9525245
859,Уральский,Серов,59.604772399999995,60.5753882
860,Уральский,Среднеуральск,56.991890100000006,60.47710179999999
861,Уральский,Сухой Лог,56.9076193,62.0358093
862,Уральский,Сысерть,56.5005715,60.819000300000006
863,Уральский,Тавда,58.0434672,65.27421700000001
864,Уральский,Талица,57.0122687,63.732075699999996
865,Уральский,Туринск,58.0393524,63.6981973
866,Южный,,44.616701299999995,33.525355
867,Северо-Кавказский,Алагир,43.0417684,44.2199715
868,Северо-Кавказский,Ардон,43.1755152,44.2955775
869,Северо-Кавказский,Беслан,43.1937529,44.53387070000001
870,Северо-Кавказский,Владикавказ,43.020588000000004,44.681918200000005
871,Северо-Кавказский,Дигора,43.156762799999996,44.154948299999994
872,Северо-Кавказский,Моздок,43.7471342,44.6569607
873,Центральный,Велиж,55.605791599999996,31.1856206
874,Центральный,Вязьма,55.2116983,34.29516629999999
875,Центральный,Гагарин,55.5525228,34.9950502
876,Центральный,Демидов,55.268210499999995,31.5062809
877,Центральный,Десногорск,54.146457,33.2833222
878,Центральный,Дорогобуж,54.9136959,33.3023162
879,Центральный,Духовщина,55.195025699999995,32.401252
880,Центральный,Ельня,54.583779500000006,33.1749867
881,Центральный,Починок,54.406243999999994,32.4398039
882,Центральный,Рославль,53.944955799999995,32.8480258
883,Центральный,Рудня,54.9441093,31.079480600000004
884,Центральный,Сафоново,55.1199661,33.2336988
885,Центральный,Смоленск,54.786691299999994,31.8152477
886,Центральный,Сычевка,55.8308821,34.277879299999995
887,Центральный,Ярцево,55.056473200000006,32.690230199999995
888,Северо-Кавказский,Благодарный,45.0989782,43.430645500000004
889,Северо-Кавказский,Буденновск,44.781606700000005,44.1650339
890,Северо-Кавказский,Георгиевск,44.14856939999999,43.4739851
891,Северо-Кавказский,Ессентуки,44.0446186,42.8588653
892,Северо-Кавказский,Железноводск,44.132056799999994,43.0306461
893,Северо-Кавказский,Зеленокумск,44.4032668,43.884187700000005
894,Северо-Кавказский,Изобильный,45.368429600000006,41.708702
895,Северо-Кавказский,Ипатово,45.718175099999996,42.8970206
896,Северо-Кавказский,Кисловодск,43.9052044,42.7168721
897,Северо-Кавказский,Лермонтов,44.1054107,42.973135
898,Северо-Кавказский,Минеральные Воды,44.2087273,43.138408
899,Северо-Кавказский,Михайловск,45.1297323,42.028844299999996
900,Северо-Кавказский,Невинномысск,44.6226031,41.9476723
901,Северо-Кавказский,Нефтекумск,44.7544552,44.9865347
902,Северо-Кавказский,Новоалександровск,45.4932733,41.215399600000005
903,Северо-Кавказский,Новопавловск,43.9617097,43.6342865
904,Северо-Кавказский,Пятигорск,44.041090999999994,43.0661553
905,Северо-Кавказский,Светлоград,45.328659,42.8565714
906,Северо-Кавказский,Ставрополь,45.044515999999994,41.9689655
907,Центральный,Жердевка,51.8422192,41.4617687
908,Центральный,Кирсанов,52.6506335,42.7286445
909,Центральный,Котовск,52.592448899999994,41.5101237
910,Центральный,Мичуринск,52.8912389,40.510444299999996
911,Центральный,Моршанск,53.4436216,41.81154779999999
912,Центральный,Рассказово,52.6538833,41.874285
913,Центральный,Тамбов,52.721315399999995,41.452264
914,Центральный,Уварово,51.9767841,42.2529799
915,Приволжский,Агрыз,56.523286399999996,52.9943775
916,Приволжский,Азнакаево,54.8598642,53.0745527
917,Приволжский,Альметьевск,54.901461899999994,52.2970467
918,Приволжский,Арск,56.0912567,49.877067
919,Приволжский,Бавлы,54.40628910000001,53.24580649999999
920,Приволжский,Болгар,54.97489100000001,49.030388200000004
921,Приволжский,Бугульма,54.5363495,52.789584899999994
922,Приволжский,Буинск,54.96415379999999,48.2901209
923,Приволжский,Елабуга,55.756710700000006,52.0543794
924,Приволжский,Заинск,55.299053,52.0062972
925,Приволжский,Зеленодольск,55.84666510000001,48.5010954
926,Приволжский,Иннополис,55.752169900000005,48.7446846
927,Приволжский,Казань,55.7943584,49.1114975
928,Приволжский,Кукмор,56.1861392,50.89702379999999
929,Приволжский,Лаишево,55.40428670000001,49.5499838
930,Приволжский,Лениногорск,54.596703399999996,52.443190599999994
931,Приволжский,Мамадыш,55.715041299999996,51.4129016
932,Приволжский,Менделеевск,55.895168999999996,52.3143347
933,Приволжский,Мензелинск,55.727069799999995,53.1003968
934,Приволжский,Набережные Челны,55.74346189999999,52.3959165
935,Приволжский,Нижнекамск,55.6313609,51.8144669
936,Приволжский,Нурлат,54.4281461,50.80493370000001
937,Приволжский,Тетюши,54.936516000000005,48.8314533
938,Приволжский,Чистополь,55.36991389999999,50.628578399999995
939,Центральный,Андреаполь,56.65067239999999,32.2620163
940,Центральный,Бежецк,57.786008900000006,36.690498299999994
941,Центральный,Белый,55.8339056,32.9389741
942,Центральный,Бологое,57.8855767,34.0537771
943,Центральный,Весьегонск,58.6582598,37.25675579999999
944,Центральный,Вышний Волочек,57.568302,34.5404016
945,Центральный,Западная Двина,56.256649200000005,32.0805315
946,Центральный,Зубцов,56.1760868,34.5825515
947,Центральный,Калязин,57.257947800000004,37.7819693
948,Центральный,Кашин,57.36019399999999,37.6119436
949,Центральный,Кимры,56.8733213,37.3556605
950,Центральный,Конаково,56.7275204,36.8012716
951,Центральный,Красный Холм,58.0571446,37.112615600000005
952,Центральный,Кувшиново,57.026516799999996,34.1676009
953,Центральный,Лихославль,57.1221304,35.4667605
954,Центральный,Нелидово,56.2232566,32.776745899999995
955,Центральный,Осташков,57.1456744,33.1115372
956,Центральный,Ржев,56.26288100000001,34.329100200000006
957,Центральный,Старица,56.514876,34.9336396
958,Центральный,Тверь,56.8586059,35.9116761
959,Центральный,Торжок,57.04133,34.9602344
960,Центральный,Торопец,56.5012188,31.6355466
961,Центральный,Удомля,57.8787314,35.0167348
962,Сибирский,Асино,56.9907085,86.1765257
963,Сибирский,Кедровый,57.561868999999994,79.5677821
964,Сибирский,Колпашево,58.3114253,82.9025829
965,Сибирский,Северск,56.603128500000004,84.8809926
966,Сибирский,Стрежевой,60.73289499999999,77.604122
967,Сибирский,Томск,56.4845804,84.94815820000001
968,Центральный,Алексин,54.508334899999994,37.0478067
969,Центральный,Белев,53.8114179,36.1382247
970,Центральный,Богородицк,53.770101399999994,38.1225152
971,Центральный,Болохово,54.0820349,37.826724
972,Центральный,Венев,54.3542315,38.2642236
973,Центральный,Донской,53.9678944,38.337182399999996
974,Центральный,Ефремов,53.14647660000001,38.0921657
975,Центральный,Кимовск,53.9698378,38.538080799999996
976,Центральный,Киреевск,53.93195550000001,37.9220351
977,Центральный,Липки,53.941755099999995,37.7020148
978,Центральный,Новомосковск,54.010907499999995,38.291402399999996
979,Центральный,Плавск,53.709641500000004,37.2862352
980,Центральный,Советск,53.933887399999996,37.6316141
981,Центральный,Суворов,54.1343585,36.4807419
982,Центральный,Тула,54.1920559,37.6153842
983,Центральный,Узловая,53.9730452,38.1763201
984,Центральный,Чекалин,54.0984438,36.24741420000001
985,Центральный,Щекино,54.0020652,37.5176288
986,Центральный,Ясногорск,54.47954839999999,37.6896048
987,Сибирский,Ак-Довурак,51.178452,90.5985129
988,Сибирский,Кызыл,51.7191047,94.4376882
989,Сибирский,Туран,52.1449619,93.91733959999999
990,Сибирский,Чадан,51.2844502,91.57886090000001
991,Сибирский,Шагонар,51.534639299999995,92.9199675
992,Уральский,Заводоуковск,56.5027463,66.5513613
993,Уральский,Ишим,56.1104858,69.4795776
994,Уральский,Тобольск,58.2017299,68.2538558
995,Уральский,Тюмень,57.1529744,65.5344099
996,Уральский,Ялуторовск,56.6547289,66.31229920000001
997,Приволжский,Воткинск,57.0518149,53.9873096
998,Приволжский,Глазов,58.1359233,52.663503799999994
999,Приволжский,Ижевск,56.852738,53.21148960000001
1000,Приволжский,Камбарка,56.2659916,54.193374
1001,Приволжский,Можга,56.4427774,52.2137886
1002,Приволжский,Сарапул,56.4615767,53.8037657
1003,Приволжский,Барыш,53.65339920000001,47.1181134
1004,Приволжский,Димитровград,54.2167926,49.6262585
1005,Приволжский,Инза,53.8549647,46.3533459
1006,Приволжский,Новоульяновск,54.1447956,48.3910789
1007,Приволжский,Сенгилей,53.958964,48.776826899999996
1008,Приволжский,Ульяновск,54.307941500000005,48.3748487
1009,Дальневосточный,Амурск,50.2344147,136.8792444
1010,Дальневосточный,Бикин,46.818574299999995,134.25507180000002
1011,Дальневосточный,Вяземский,47.535337899999995,134.75538559999998
1012,Дальневосточный,Комсомольск-на-Амуре,50.5498936,137.0079408
1013,Дальневосточный,Николаевск-на-Амуре,53.1460657,140.7111367
1014,Дальневосточный,Советская Гавань,48.9664966,140.285174
1015,Дальневосточный,Хабаровск,48.4647258,135.05989419999997
1016,Сибирский,Абаза,52.6516647,90.0885686
1017,Сибирский,Абакан,53.72233249999999,91.44367209999999
1018,Сибирский,Саяногорск,53.1008083,91.4122454
1019,Сибирский,Сорск,54.00028879999999,90.2594446
1020,Сибирский,Черногорск,53.825934200000006,91.3260229
1021,Уральский,Белоярский,63.712109899999994,66.67722260000001
1022,Уральский,Когалым,62.2639527,74.4829794
1023,Уральский,Лангепас,61.2536939,75.18077629999999
1024,Уральский,Лянтор,61.6392863,72.17940899999999
1025,Уральский,Мегион,61.031871200000005,76.10258780000001
1026,Уральский,Нефтеюганск,61.088267599999995,72.6164079
1027,Уральский,Нижневартовск,60.9396698,76.5696184
1028,Уральский,Нягань,62.1454701,65.3946047
1029,Уральский,Покачи,61.7422169,75.5941517
1030,Уральский,Пыть-Ях,60.7585833,72.8365617
1031,Уральский,Радужный,62.13428879999999,77.45840940000001
1032,Уральский,Советский,61.3706913,63.56672220000001
1033,Уральский,Сургут,61.2541083,73.3961587
1034,Уральский,Урай,60.1296954,64.80385079999999
1035,Уральский,Ханты-Мансийск,61.0023984,69.0184798
1036,Уральский,Югорск,61.312356799999996,63.33654839999999
1037,Уральский,Аша,54.9906527,57.2783953
1038,Уральский,Бакал,54.9406399,58.805169799999994
1039,Уральский,Верхнеуральск,53.8760961,59.21698520000001
1040,Уральский,Верхний Уфалей,56.0487158,60.231888600000005
1041,Уральский,Еманжелинск,54.755454799999995,61.324347700000004
1042,Уральский,Златоуст,55.171490500000004,59.6725549
1043,Уральский,Карабаш,55.4852323,60.235888100000004
1044,Уральский,Карталы,53.053619700000006,60.64784079999999
1045,Уральский,Касли,55.8868784,60.742166299999994
1046,Уральский,Катав-Ивановск,54.7521438,58.19836479999999
1047,Уральский,Копейск,55.116665000000005,61.61791850000001
1048,Уральский,Коркино,54.8903147,61.4034576
1049,Уральский,Куса,55.3386053,59.43857779999999
1050,Уральский,Кыштым,55.70612760000001,60.556378099999996
1051,Уральский,Магнитогорск,53.40721529999999,58.9791437
1052,Уральский,Миасс,55.04564570000001,60.1077572
1053,Уральский,Миньяр,55.070955700000006,57.548478
1054,Уральский,Нязепетровск,56.053689500000004,59.609720200000005
1055,Уральский,Озерск,55.76315400000001,60.707619799999996
1056,Уральский,Пласт,54.3692764,60.815189399999994
1057,Уральский,Сатка,55.0405288,59.0288975
1058,Уральский,Сим,54.990782700000004,57.6900155
1059,Уральский,Снежинск,56.0851495,60.7324914
1060,Уральский,Трехгорный,54.8178249,58.4464194
1061,Уральский,Троицк,54.0843745,61.5586831
1062,Уральский,Усть-Катав,54.926081200000006,58.15280500000001
1063,Уральский,Чебаркуль,54.9818567,60.377312100000005
1064,Уральский,Челябинск,55.16026239999999,61.400807799999995
1065,Уральский,Южноуральск,54.448927000000005,61.25811579999999
1066,Уральский,Юрюзань,54.854662,58.422669799999994
1067,Северо-Кавказский,Аргун,43.2916774,45.8723105
1068,Северо-Кавказский,Грозный,43.318014500000004,45.698291
1069,Северо-Кавказский,Гудермес,43.3519142,46.103564500000005
1070,Северо-Кавказский,Курчалой,43.2046547,46.0889364
1071,Северо-Кавказский,,43.12019229999999,45.5391777
1072,Северо-Кавказский,Шали,43.1488691,45.900962899999996
1073,Приволжский,Алатырь,54.83979889999999,46.572199700000006
1074,Приволжский,Канаш,55.507,47.4918273
1075,Приволжский,Козловка,55.8406025,48.2577735
1076,Приволжский,Мариинский Посад,56.111923,47.714294200000005
1077,Приволжский,Новочебоксарск,56.109497700000006,47.47911129999999
1078,Приволжский,Цивильск,55.8650213,47.4729349
1079,Приволжский,Чебоксары,56.14382979999999,47.2489782
1080,Приволжский,Шумерля,55.496241500000004,46.418268100000006
1081,Приволжский,Ядрин,55.94069739999999,46.2020896
1082,Дальневосточный,Анадырь,64.7313924,177.5015421
1083,Дальневосточный,Билибино,68.0584191,166.4388172
1084,Дальневосточный,Певек,69.7016661,170.2999022
1085,Дальневосточный,Алдан,58.60942829999999,125.3817188
1086,Дальневосточный,Верхоянск,67.55024509999998,133.390735
1087,Дальневосточный,Вилюйск,63.7517616,121.627284
1088,Дальневосточный,Ленск,60.7276196,114.95482549999998
1089,Дальневосточный,Мирный,62.536232,113.96677279999999
1090,Дальневосточный,Нерюнгри,56.6599953,124.7202403
1091,Дальневосточный,Нюрба,63.282895499999995,118.3242437
1092,Дальневосточный,Олекминск,60.375800600000005,120.40608780000001
1093,Дальневосточный,Покровск,61.4843503,129.1482392
1094,Дальневосточный,Среднеколымск,67.4582218,153.7069425
1095,Дальневосточный,Томмот,58.95868589999999,126.28754620000001
1096,Дальневосточный,Удачный,66.4071765,112.30615549999999
1097,Дальневосточный,Якутск,62.028140500000006,129.7325887
1098,Уральский,Губкинский,64.4457594,76.4713274
1099,Уральский,Лабытнанги,66.65928410000001,66.38830089999999
1100,Уральский,Муравленко,63.7940552,74.4948635
1101,Уральский,Надым,65.53779660000001,72.51827359999999
1102,Уральский,Новый Уренгой,66.0839433,76.6809681
1103,Уральский,Ноябрьск,63.2018039,75.45105809999998
1104,Уральский,Салехард,66.54920770000001,66.6085318
1105,Уральский,Тарко-Сале,64.91188029999999,77.76102359999999
1106,Центральный,Гаврилов-Ям,57.3091058,39.8546444
1107,Центральный,Данилов,58.1860098,40.179506700000005
1108,Центральный,Любим,58.3620228,40.686840999999994
1109,Центральный,Мышкин,57.7881684,38.4544224
1110,Центральный,Переславль-Залесский,56.7360544,38.854361700000005
1111,Центральный,Пошехонье,58.5062879,39.1208434
1112,Центральный,Ростов,57.20513149999999,39.437862200000005
1113,Центральный,Рыбинск,58.0485495,38.8584119
1114,Центральный,Тутаев,57.8674993,39.536962700000004
1115,Центральный,Углич,57.5224249,38.3020044
1116,Центральный,Ярославль,57.62154770000001,39.897741100000005
